<?xml version="1.0" encoding="utf-8"?>
<extension type="component" version="3.2.0" method="upgrade">
 
	<name>Hapity</name>
	<!-- The following elements are optional and free of formatting constraints -->
	<creationDate>December 2016</creationDate>
	<author>EgenieNext</author>
	<authorEmail>nshah@egenienext.com</authorEmail>
	<authorUrl>http://www.egenienext.com/</authorUrl>
	<copyright>hapity.com</copyright>
	<license>GNU/GPLv2 http://www.gnu.org/licenses/gpl-3.0.html</license>
	<!--  The version string is recorded in the components table -->
	<version>2.2.0</version>
	<!-- The description is optional and defaults to the name -->
	<description>Hapity publish broadcasts as articles recorded from hapity.com or from Hapity mobile app 
</description>

	<!-- Runs on install/uninstall/update; New in 2.5 -->
	<scriptfile>script.php</scriptfile>
    <install> <!-- Runs on install -->    

  <sql>
			<file driver="mysql" charset="utf8">sql/install.sql</file>
		</sql>
	</install>
	<uninstall> <!-- Runs on uninstall -->
		<sql>
			<file driver="mysql" charset="utf8">sql/uninstall.mysql.utf8.sql</file>
		</sql>
		</uninstall>
	
 
	<update> <!-- Runs on update; New since J2.5 -->
		<schemas>
			<schemapath type="mysql">sql/updates/mysql</schemapath>
		</schemas>
	</update>
 
	<!-- Site Main File Copy Section -->
	<!-- Note the folder attribute: This attribute describes the folder
		to copy FROM in the package to install therefore files copied
		in this section are copied from /site/ in the package -->
	<!-- files folder="site">
		<filename>index.html</filename>
		<filename>hapity.php</filename>
	</files> -->

	<files folder="site">
		<filename>index.html</filename>
		<filename>hapity.php</filename>
		<filename>controller.php</filename>
		<folder>controllers</folder>
		<folder>models</folder>
		
	</files>
 
	<administration>
		<!-- Administration Menu Section -->
		<menu link='index.php?option=com_hapity' alias="Hapity">HAPITY</menu>

		
		<!-- Administration Main File Copy Section -->
		<!-- Note the folder attribute: This attribute describes the folder
			to copy FROM in the package to install therefore files copied
			in this section are copied from /admin/ in the package -->
		<files folder="admin">
			<!-- Admin Main File Copy Section -->
			<filename>index.html</filename>
			<filename>hapity.php</filename>
			<filename>controller.php</filename>

			<!-- SQL files section -->
			<folder>sql</folder>
			
			<folder>models</folder>
			<folder>views</folder>
			<!-- controllers files section -->
			<folder>controllers</folder>
		
		
		</files>

		<languages folder="admin">
                        <language tag="en-GB">language/en-GB/en-GB.com_hapity.ini</language>
                        
                </languages>

                	
		
	
	</administration>
 
</extension>
